ticker,date,open,high,low,close,volume
ANET,2026-08-10,192.49,195.7,187.03,191.52,5434077
ANET,2026-08-11,194.565,198.92,190.48,197.85,6277324
ANET,2026-08-12,205.47,211.45,203.76,210.5,10008621
ANET,2026-08-13,209.79,210.11,203.55,203.62,7907821
ANET,2026-08-14,205.27,205.27,198.245,198.82,4707405
ANET,2026-08-17,201.16,202.265,198.34,201.8,5683904
ANET,2026-08-18,196,197.99,189.67,193.18,8886944
ANET,2026-08-19,195.04,195.5,184.51,186.45,5740458
ANET,2026-08-20,185.31,187.28,182.83,183.75,4207289
ANET,2026-08-21,183.77,190.44,183.59,188.65,8125215
ANET,2026-08-24,186,190.25,186,188.15,5308866
ANET,2026-08-25,192.34,193.15,188.06,190.94,4387863
ANET,2026-08-26,190.905,203.36,190.905,202.25,7664556
ANET,2026-08-27,205.9,206.13,199.215,201.09,4699005
ANET,2026-08-28,200,200.1,194.61,195.38,3064688
ANET,2026-08-31,195.5,197.99,193.91,195.69,5026530
ANET,2026-09-01,195.77,196.5,188.56,189.26,4375820
ANET,2026-09-02,188,189.89,184.08,186.1,4369531
ANET,2026-09-03,185.25,192,181.27,191.44,4111668
ANET,2026-09-04,192.82,197.1,190.56,193.78,4186359
ANET,2026-09-08,196.82,200.675,194.72,194.96,4691474
ANET,2026-09-09,194.855,196.96,192.05,192.93,3671724
ANET,2026-09-10,189.35,193.04,187.893,188.99,2805510
ANET,2026-09-11,192.23,200.25,192.105,199.59,4598154
ANET,2026-09-14,189.82,191.105,186.11,187.81,5649849
ANET,2026-09-15,191.885,194.686,190.86,192.84,4822664
ANET,2026-09-16,197.44,200.25,195.08,197.54,4445712
ANET,2026-09-17,203.11,204.913,192.98,199.53,7017830
ANET,2026-09-18,202.35,202.58,196.89,199.39,9881991
ANET,2026-09-21,203.47,205.95,200.745,205.42,4911464
ANET,2026-09-22,204.35,208.26,203.26,205.19,4329252
ANET,2026-09-23,205.455,206.48,200.75,203.47,3935745
ANET,2026-09-24,199.91,206.54,198.757,205.7,3553385
ANET,2026-09-25,208.855,212,205.525,206.55,4226219
ANET,2026-09-28,205.59,208.35,203.52,204.92,3425037
ANET,2026-09-29,207.1,207.48,201.35,202.86,4530526
ANET,2026-09-30,204.24,207.43,203.09,203.59,4842889
ANET,2026-10-01,204.695,206.35,200.771,204.49,4088164
ANET,2026-10-02,208.26,208.632,204.66,207.35,4084801
MTCH,2026-08-10,37,37.32,36.59,36.73,2727346
MTCH,2026-08-11,36.61,37.3,36.45,36.8,2987309
MTCH,2026-08-12,36.7,36.799,36.2,36.58,2710466
MTCH,2026-08-13,36.82,37.305,36.43,37.28,2593372
MTCH,2026-08-14,37.53,38.49,37.34,37.95,2939354
MTCH,2026-08-17,37.295,37.81,37.02,37.22,2098056
MTCH,2026-08-18,37.28,39.04,37.257,38.69,3520142
MTCH,2026-08-19,38.92,40.28,38.81,39.7,4177405
MTCH,2026-08-20,39.55,40.57,39.335,40.35,2852249
MTCH,2026-08-21,40.57,40.95,39.75,40.87,2188733
MTCH,2026-08-24,40.74,41.785,40.59,41.73,3224166
MTCH,2026-08-25,41.75,42.49,41.69,42.18,3504558
MTCH,2026-08-26,42.21,42.385,41.725,42.07,3114647
MTCH,2026-08-27,41.92,42.2,41.032,41.22,3846469
MTCH,2026-08-28,41.29,42.2,41.29,41.58,2173412
MTCH,2026-08-31,41.495,41.735,40.365,40.65,3028885
MTCH,2026-09-01,40.2,42,40.19,41.91,4402845
MTCH,2026-09-02,41.73,42.69,41.43,42.44,3445762
MTCH,2026-09-03,42.67,43.47,42.16,42.43,3490623
MTCH,2026-09-04,42.27,42.39,41.575,41.86,1883848
MTCH,2026-09-08,41.55,41.705,40.88,41.15,2929875
MTCH,2026-09-09,41.145,42.02,40.11,41.43,3899355
MTCH,2026-09-10,41.42,41.99,41.24,41.82,2707162
MTCH,2026-09-11,41.99,42.855,41.99,42.39,2558041
MTCH,2026-09-14,42.81,43.72,42.81,43.15,2825204
MTCH,2026-09-15,42.97,44.935,42.55,44.4,5011105
MTCH,2026-09-16,44.33,44.585,43.48,43.58,3655522
MTCH,2026-09-17,43.89,44.01,43.06,43.77,3339094
MTCH,2026-09-18,43.91,43.91,42.65,43.2,6193503
MTCH,2026-09-21,43.75,43.75,42.855,43.16,4370638
MTCH,2026-09-22,43.49,43.69,41.62,41.71,4530305
MTCH,2026-09-23,41.55,41.55,39.46,40.48,5582833
MTCH,2026-09-24,40.48,41.48,40.41,40.8,2876407
MTCH,2026-09-25,40.86,41.43,40.37,40.55,2347708
MTCH,2026-09-28,39.99,40.16,39.24,39.51,2880058
MTCH,2026-09-29,39.3,40.14,39.11,40.13,3101157
MTCH,2026-09-30,40.24,40.6,39.97,40.15,2928497
MTCH,2026-10-01,40.51,40.78,39.781,40.13,2910607
MTCH,2026-10-02,40.13,40.88,39.91,40.32,2575493
CVX,2026-08-10,188.88,194.99,188.88,194.91,13667315
CVX,2026-08-11,194.25,197.46,194.25,196.66,6049786
CVX,2026-08-12,195.22,197.395,194.58,196.6,7366226
CVX,2026-08-13,195,198.1,193.75,197.7,5908920
CVX,2026-08-14,198.87,201.63,198.355,200,7910482
CVX,2026-08-17,200.725,203.68,199.8,202.7,8357776
CVX,2026-08-18,205.03,206.22,203.71,205.74,7653753
CVX,2026-08-19,205.05,207.68,204.26,205.76,8088385
CVX,2026-08-20,208.9,208.98,205.52,205.77,7798900
CVX,2026-08-21,205.925,207.824,205.005,205.27,7188990
CVX,2026-08-24,203.67,205.3,201.75,203.09,5500339
CVX,2026-08-25,201.03,202.055,199.79,199.89,7535526
CVX,2026-08-26,198.73,202.39,198.117,200.21,6797046
CVX,2026-08-27,199.57,200.88,197.82,199.77,7473835
CVX,2026-08-28,199.98,202.24,199.555,201.86,5244811
CVX,2026-08-31,206.08,208.415,203.836,206.14,10031819
CVX,2026-09-01,209,211.08,207.8,211.05,8528448
CVX,2026-09-02,210.49,212.79,209.46,211.78,7577951
CVX,2026-09-03,212.38,213.2,211.17,211.32,6623827
CVX,2026-09-04,209.51,209.861,207.12,208.6,5379825
CVX,2026-09-08,211.25,213.31,209.18,209.8,7668151
CVX,2026-09-09,212.875,215.28,212.23,213.81,8355519
CVX,2026-09-10,217.4,217.4,211.34,212.76,9602910
CVX,2026-09-11,212.02,215.55,212.02,214.06,6548014
CVX,2026-09-14,217,217.65,211.27,212.17,8964933
CVX,2026-09-15,212.885,217.78,212.74,217.77,9529486
CVX,2026-09-16,215.09,215.275,210.365,211.54,8007827
CVX,2026-09-17,209.61,211.75,209.17,211.57,7272148
CVX,2026-09-18,211.085,211.9,207.31,209.51,44638557
CVX,2026-09-21,207.89,209,203.5,203.67,8446497
CVX,2026-09-22,201.87,204.44,200.78,202.41,8839716
CVX,2026-09-23,204.46,207,203.48,205.51,8200792
CVX,2026-09-24,207.24,208.1,204.87,205.65,9244651
CVX,2026-09-25,203.805,206.539,203.4,204.45,6921179
CVX,2026-09-28,207,208.25,205.38,206.37,8844100
CVX,2026-09-29,203.05,205.48,202.7,204.38,5854400
CVX,2026-09-30,205.09,206.826,204.21,204.21,6243520
CVX,2026-10-01,203.325,207.41,202.82,207.1,5989387
CVX,2026-10-02,204.8,207.32,204.45,206.69,6597179
SNX,2026-08-10,254.16,259.96,250.55,253.74,717864
SNX,2026-08-11,255.29,259.456,253.38,254,444619
SNX,2026-08-12,258.22,260.65,255.1,255.21,442775
SNX,2026-08-13,255.45,259.39,253.6,254.58,462334
SNX,2026-08-14,258.75,259.295,253.78,258.74,462888
SNX,2026-08-17,259.26,264.87,257.71,263.88,1168199
SNX,2026-08-18,259.5,264.165,256.585,259.8,881642
SNX,2026-08-19,259.87,259.87,248.4,251.78,866721
SNX,2026-08-20,251.29,255.145,249.51,250.77,483550
SNX,2026-08-21,252.64,252.92,249.2,250.14,435811
SNX,2026-08-24,248.02,248.521,243.428,243.65,423870
SNX,2026-08-25,249.26,252.06,244.78,251.39,482845
SNX,2026-08-26,251.2,256.95,248.1,255.17,415299
SNX,2026-08-27,256.97,261,256.42,260.13,399807
SNX,2026-08-28,259.69,260.23,253.3,253.97,242183
SNX,2026-08-31,255.55,255.8,250.49,252.85,530566
SNX,2026-09-01,252.01,253.82,249.74,251.39,469637
SNX,2026-09-02,251.4,256.71,251.39,253.06,409098
SNX,2026-09-03,251.33,262.54,247.174,262.53,564376
SNX,2026-09-04,261.39,266.19,260.211,262.64,425973
SNX,2026-09-08,264.46,267.3,258.49,258.6,722783
SNX,2026-09-09,256.55,260.04,256.05,258.23,483862
SNX,2026-09-10,253.34,259.93,253.34,255.54,409031
SNX,2026-09-11,258.16,269.99,257.97,269.21,533317
SNX,2026-09-14,261.83,262.925,258.795,261.12,682032
SNX,2026-09-15,265.04,268.38,262.25,262.48,563268
SNX,2026-09-16,265.15,266.96,258.005,260.5,661285
SNX,2026-09-17,263.92,268.29,262.52,264.41,807963
SNX,2026-09-18,266.13,269,264.435,266.16,2650684
SNX,2026-09-21,272.3,279.93,270.72,279.59,1169396
SNX,2026-09-22,280.1,284.53,277.995,283.25,957281
SNX,2026-09-23,283.46,298.77,281.385,287.89,2573297
SNX,2026-09-24,262.12,266.415,243.03,259.47,3683928
SNX,2026-09-25,265.96,280.61,260.6,263.03,1438723
SNX,2026-09-28,260.87,262.16,255.19,256.75,1156695
SNX,2026-09-29,258.55,259.78,254.24,258.19,935615
SNX,2026-09-30,259.47,261.36,254.97,256.85,718372
SNX,2026-10-01,258.05,279.4,258.05,271.76,1187715
SNX,2026-10-02,275.2,281.46,273.16,278.37,853709
GOOGL,2026-08-10,355.175,357.61,352.71,357.52,18991368
GOOGL,2026-08-11,355.89,356.81,343.39,343.8,29081802
GOOGL,2026-08-12,346.31,346.48,340.88,343.54,25011987
GOOGL,2026-08-13,345.77,347.93,343.76,346.36,17866072
GOOGL,2026-08-14,346.8,350.45,344.5,345.9,17808598
GOOGL,2026-08-17,346.265,347.25,341.93,344,18291309
GOOGL,2026-08-18,342.405,344.87,340.19,344.2,19248828
GOOGL,2026-08-19,342.455,346.73,340.66,344.72,19733808
GOOGL,2026-08-20,343.06,343.9,338.565,340.67,18570357
GOOGL,2026-08-21,342.575,346.2,340.4,344.82,20849776
GOOGL,2026-08-24,343.615,351.6,342.49,348.06,26338229
GOOGL,2026-08-25,349.64,350.16,345.6,346.96,20649680
GOOGL,2026-08-26,346.62,346.88,340.18,342,20420257
GOOGL,2026-08-27,339.67,341.69,338.52,340.65,23391389
GOOGL,2026-08-28,340.705,349.14,340.27,346.59,25347206
GOOGL,2026-08-31,343.825,344.59,337.156,339.35,33493632
GOOGL,2026-09-01,336,337.2,333.05,335.02,23342665
GOOGL,2026-09-02,334.06,340,332.82,337.12,22582286
GOOGL,2026-09-03,340.56,344.68,340.06,342.48,20726904
GOOGL,2026-09-04,342.465,343.53,337.09,338.46,23189321
GOOGL,2026-09-08,335.42,339.68,333.22,338.36,22915839
GOOGL,2026-09-09,331.65,331.85,327.9,330.65,33151627
GOOGL,2026-09-10,328.225,333.23,327.74,332.6,23557551
GOOGL,2026-09-11,335.03,342.98,335.03,338.5,24708293
GOOGL,2026-09-14,343.12,349.91,342.136,349.39,35905445
GOOGL,2026-09-15,346.8,348.07,342.7,344.98,21928572
GOOGL,2026-09-16,347.08,348.4,340.64,342.87,18928864
GOOGL,2026-09-17,348.675,349.5,343.886,347.33,19238355
GOOGL,2026-09-18,357.305,359.44,348.445,349.54,47631754
GOOGL,2026-09-21,350.64,357.61,349.1,354.97,30455384
GOOGL,2026-09-22,357.65,364.17,350.22,351.16,29788597
GOOGL,2026-09-23,349.86,350,337.45,337.83,35576229
GOOGL,2026-09-24,336.22,343.09,336.02,342.36,23777195
GOOGL,2026-09-25,342.35,347.03,341.11,343.92,21880846
GOOGL,2026-09-28,340.7,343.59,339.56,342.75,19318322
GOOGL,2026-09-29,341.95,342.84,338.02,340.92,21066900
GOOGL,2026-09-30,344.15,352.6,340.99,344.08,37280989
GOOGL,2026-10-01,350.785,353.22,335.511,338.24,33003559
GOOGL,2026-10-02,341.315,345.77,341.16,343.5,22711981
GH,2026-08-10,167.9,171.92,165.16,167.21,1521596
GH,2026-08-11,166.44,168.9,163.5,165.09,1302562
GH,2026-08-12,165.89,168.37,162.65,165.11,1224812
GH,2026-08-13,165.86,166.04,158.933,159.54,2800255
GH,2026-08-14,157.93,159.71,156.21,157.21,2564787
GH,2026-08-17,156.45,162.96,155,161.67,4858563
GH,2026-08-18,160.72,164.26,158.81,160.12,1202371
GH,2026-08-19,165.51,168.73,159.46,163.34,2386674
GH,2026-08-20,161.55,171.74,161.55,167.88,2549392
GH,2026-08-21,167.25,170.85,165.01,170.69,1916804
GH,2026-08-24,164.62,167.48,162.002,163.18,2212301
GH,2026-08-25,164.535,167.9,161.22,164.92,1188364
GH,2026-08-26,164.71,173.17,164.29,170.92,2011109
GH,2026-08-27,170.94,173.1,168.19,168.52,1518063
GH,2026-08-28,166.35,169.6,160.23,161.5,1821582
GH,2026-08-31,160.01,162.14,155.625,159.02,1857131
GH,2026-09-01,158.5,165.63,156.32,164.41,2437498
GH,2026-09-02,163.79,168.97,157.35,163.06,1757228
GH,2026-09-03,164.09,166.42,159.59,161.04,1190892
GH,2026-09-04,160,164.84,154,161.41,2402454
GH,2026-09-08,166.11,166.69,160.25,160.98,2039119
GH,2026-09-09,161.26,167.98,159.935,162.78,1115819
GH,2026-09-10,159.52,164.17,156.317,159.03,1055760
GH,2026-09-11,160.135,161.4,156.28,157.38,695946
GH,2026-09-14,156.55,168.15,155.775,167.84,1493187
GH,2026-09-15,168.25,179.3,167,175.65,2852686
GH,2026-09-16,175,179.39,173.82,174.9,1523660
GH,2026-09-17,177.49,183.51,175.45,183.1,1858760
GH,2026-09-18,183,183.5,175.62,179.38,3080785
GH,2026-09-21,181.37,181.37,172.86,173.87,2623995
GH,2026-09-22,172.398,179.43,170.5,177.16,2226443
GH,2026-09-23,176.21,179.35,174.17,176.31,1432142
GH,2026-09-24,174.05,181.79,173.5,176.45,2571950
GH,2026-09-25,178.5,179.97,174.5,177.25,1578716
GH,2026-09-28,174.85,180.05,174.69,177.33,1318541
GH,2026-09-29,176.78,180.9,174.54,177.73,1658542
GH,2026-09-30,177.75,180.34,175.33,178.36,1582440
GH,2026-10-01,177.17,180.91,173.96,174.75,1960454
GH,2026-10-02,173.32,179.17,172,177.8,1647002
CRL,2026-08-10,265.65,277.07,265.49,277,1025301
CRL,2026-08-11,274.86,282.39,271.835,282,1180060
CRL,2026-08-12,282.92,288.02,280,284.37,1166271
CRL,2026-08-13,286.3,287.79,278.84,281.27,1054816
CRL,2026-08-14,280.06,283.195,276.658,280.05,750352
CRL,2026-08-17,279.48,288.88,279.03,286.64,856683
CRL,2026-08-18,286.4,289.6,279.06,279.19,698505
CRL,2026-08-19,284.22,294.555,280.68,290,986075
CRL,2026-08-20,285.72,299.32,281.73,291.45,1055722
CRL,2026-08-21,291.78,298.175,289.07,295.19,885839
CRL,2026-08-24,297.63,299.02,290.73,298.58,785938
CRL,2026-08-25,299.93,300.59,295.355,297.64,882746
CRL,2026-08-26,293.17,299.53,290.01,295.1,1230007
CRL,2026-08-27,297.01,303.305,295.93,296.41,900802
CRL,2026-08-28,291.66,294.885,289.598,291.5,659614
CRL,2026-08-31,285.91,291.405,284.34,288.24,1084904
CRL,2026-09-01,289.26,290.53,280.91,282.34,686828
CRL,2026-09-02,285.49,292.545,282.56,291.76,606215
CRL,2026-09-03,294.21,295.77,285.56,293.35,646100
CRL,2026-09-04,288.29,291.69,285.34,288.5,735450
CRL,2026-09-08,285.6,285.94,280.158,280.76,728897
CRL,2026-09-09,278.54,280.745,275,278.35,779684
CRL,2026-09-10,275.38,275.88,272.06,273,750617
CRL,2026-09-11,276.01,280.4,275.63,278.26,767434
CRL,2026-09-14,278.27,279.64,267.27,273.11,1162308
CRL,2026-09-15,272.27,276.09,269.93,272.88,895595
CRL,2026-09-16,272.78,282.905,270.88,273.41,1014650
CRL,2026-09-17,280.11,285.578,274.4,281.67,807759
CRL,2026-09-18,281.26,282.995,276,278.06,1473413
CRL,2026-09-21,279.37,281.63,275.88,279.01,931378
CRL,2026-09-22,280.19,290.11,277.41,285.11,1107922
CRL,2026-09-23,283.85,291.09,276.64,277.33,1474124
CRL,2026-09-24,277,298.4,276.95,294.44,1574098
CRL,2026-09-25,293.19,295.228,287.235,292.84,838239
CRL,2026-09-28,289.13,296.883,289.13,294.59,878483
CRL,2026-09-29,294.71,298.2,289.38,295.96,657857
CRL,2026-09-30,296.97,298.984,293.455,295.01,759721
CRL,2026-10-01,291.86,297,284.611,286.83,607778
CRL,2026-10-02,287.91,290.613,285.75,290.19,434206
ALAB,2026-08-10,337.79,343,316.78,317.23,3364839
ALAB,2026-08-11,324.32,324.32,306.5,311.99,2707110
ALAB,2026-08-12,334.49,337.05,318.2,318.8,4453708
ALAB,2026-08-13,313.05,332.88,310,322.78,3343115
ALAB,2026-08-14,322.79,326.3,311.6,321.61,2523610
ALAB,2026-08-17,344.95,354,319.27,320.17,5695669
ALAB,2026-08-18,304,311.95,293.015,303.44,5111178
ALAB,2026-08-19,304.03,308.38,278.175,289.02,4228027
ALAB,2026-08-20,289.99,293,281.719,290.52,2597957
ALAB,2026-08-21,293.8,296.88,277.3,284.97,3009143
ALAB,2026-08-24,271.69,279.833,266.31,277.53,3693289
ALAB,2026-08-25,285.94,289.6,279.79,282.65,1807679
ALAB,2026-08-26,282.62,290.63,280,290.3,1933742
ALAB,2026-08-27,297.16,310.14,296.8,304.09,2749172
ALAB,2026-08-28,297.17,301.04,287.01,289.47,2639978
ALAB,2026-08-31,292.46,297.95,290.38,296.98,2354898
ALAB,2026-09-01,287.35,288.99,276.68,279.91,3442659
ALAB,2026-09-02,274.84,278.63,267.01,274.13,2853086
ALAB,2026-09-03,270.01,283.165,262.45,282.82,2791555
ALAB,2026-09-04,286,321.65,285.84,310.4,6536259
ALAB,2026-09-08,303.99,312.24,286.97,288.85,5720384
ALAB,2026-09-09,286.12,309.67,286.11,300.54,3149920
ALAB,2026-09-10,287.725,294.87,280.53,284.53,3229911
ALAB,2026-09-11,292.27,297.61,286.9,291.22,2313479
ALAB,2026-09-14,269.25,272.275,256.51,257.04,6454355
ALAB,2026-09-15,259.45,263.558,251.625,252.54,3023179
ALAB,2026-09-16,255.23,271.99,255.1,269.18,3609011
ALAB,2026-09-17,279.09,293.92,278.25,293.56,4180655
ALAB,2026-09-18,300.02,303.95,293.48,303.25,7073831
ALAB,2026-09-21,309.2,343,308.34,340.74,6146037
ALAB,2026-09-22,335,369.15,335,363.46,5459954
ALAB,2026-09-23,364.31,367.87,351.379,360.46,3309542
ALAB,2026-09-24,350.405,367.72,348.35,360.51,3407612
ALAB,2026-09-25,366,377.87,356.197,364.62,3071350
ALAB,2026-09-28,356.32,367.68,342,351.31,4080543
ALAB,2026-09-29,352.18,366.7,349,357.84,2694777
ALAB,2026-09-30,359.71,363,343.38,355.97,3250083
ALAB,2026-10-01,360.59,364.85,352,356.42,3851185
ALAB,2026-10-02,348,363.78,342.2,350.33,4087735
QRVO,2026-08-10,98.97,99.04,96.9,96.995,1288341
QRVO,2026-08-11,97.3,98.59,96.08,96.68,885148
QRVO,2026-08-12,97.33,98.5,95.805,98.24,818523
QRVO,2026-08-13,97.98,98.87,97.76,98.44,762650
QRVO,2026-08-14,99.065,99.07,96.251,98.11,1132717
QRVO,2026-08-17,97.5,98.82,95.94,96.04,1331014
QRVO,2026-08-18,95,96.49,93.46,95.7,1156989
QRVO,2026-08-19,95.85,98.4,95.82,96.81,778280
QRVO,2026-08-20,96.86,98.2,95.84,96.31,635130
QRVO,2026-08-21,96.3,96.95,94.83,95.56,572393
QRVO,2026-08-24,95.09,95.66,93.91,95.37,593215
QRVO,2026-08-25,95.5,95.53,91.86,94.34,772008
QRVO,2026-08-26,94.54,95.26,93.445,95.135,636711
QRVO,2026-08-27,95.14,96.5,94.88,96.18,631572
QRVO,2026-08-28,96.33,96.49,93.38,94.73,841566
QRVO,2026-08-31,94.76,96.83,93.94,96.08,1928899
QRVO,2026-09-01,95.03,96.865,93.67,96.4,857457
QRVO,2026-09-02,96.4,102.04,96.1,100.63,1262514
QRVO,2026-09-03,99.8,101.528,99.255,100.38,1076638
QRVO,2026-09-04,101,103.55,100.485,102.84,718294
QRVO,2026-09-08,103.18,104.545,102.35,104.07,1440359
QRVO,2026-09-09,103.86,105.39,103.035,105.24,981346
QRVO,2026-09-10,103.88,114.28,103.61,112.36,2255394
QRVO,2026-09-11,112.835,120.52,112.595,116.65,2192998
QRVO,2026-09-14,114.11,115.08,107.84,107.98,1783068
QRVO,2026-09-15,108.4,118.46,108.11,118.06,2292951
QRVO,2026-09-16,118.18,118.18,113.59,113.97,1777914
QRVO,2026-09-17,114.9,119.735,113.63,119.51,1569867
QRVO,2026-09-18,120.76,120.76,115.88,117.18,3104205
QRVO,2026-09-21,118.44,119.89,116.658,117.21,1017987
QRVO,2026-09-22,116.61,119.18,116.61,118.44,1036266
QRVO,2026-09-23,118.44,121.09,117.841,119.59,1129395
QRVO,2026-09-24,118.92,119.64,115.91,116.34,950457
QRVO,2026-09-25,116.9,119.3,115.54,117.97,1386571
QRVO,2026-09-28,117.81,118.405,114.44,116.3,1529699
QRVO,2026-09-29,116.94,118.17,114.89,116.75,751327
QRVO,2026-09-30,116.56,118.63,113.475,114.48,4473757
QRVO,2026-10-01,114.97,115.335,111.77,112.21,3143944
QRVO,2026-10-02,112.38,115.62,111.22,114.17,7395686
ACMR,2026-08-10,87.3,88.81,79.33,79.41,1289384
ACMR,2026-08-11,80.53,81.59,78.49,79.92,618212
ACMR,2026-08-12,84.37,85.1,81.22,81.26,582793
ACMR,2026-08-13,80.24,84.15,80.24,81.19,464760
ACMR,2026-08-14,80.2,82.09,77.81,80.42,552103
ACMR,2026-08-17,81.35,85.95,79.54,85.64,1080230
ACMR,2026-08-18,80.795,84.99,78.04,84.37,2457236
ACMR,2026-08-19,85,85.04,77.26,77.59,1109877
ACMR,2026-08-20,77.1,78.72,75.45,78.52,809876
ACMR,2026-08-21,79.61,80.2,76.1,79.41,546220
ACMR,2026-08-24,77.25,79.67,76.57,77.345,696344
ACMR,2026-08-25,79.58,80.475,78.11,79.77,563310
ACMR,2026-08-26,80.97,83.5,78.11,79.11,646676
ACMR,2026-08-27,81.65,81.72,78.9,80.49,540550
ACMR,2026-08-28,79.27,80.2,73.819,74.42,886742
ACMR,2026-08-31,74.97,75.95,71.95,72.82,860899
ACMR,2026-09-01,71.44,71.78,69.17,70.04,1671293
ACMR,2026-09-02,70.52,70.57,68.4,69.9,782567
ACMR,2026-09-03,69.2,69.77,66.42,69.42,592426
ACMR,2026-09-04,71.25,74.845,71,74.44,643371
ACMR,2026-09-08,76.99,78.71,75.46,76.91,951381
ACMR,2026-09-09,76.38,77.9,73.13,73.83,890814
ACMR,2026-09-10,71.18,77.13,71,72.39,705407
ACMR,2026-09-11,73.52,74.65,71.63,72,642171
ACMR,2026-09-14,67.57,69.02,65.79,66.86,862791
ACMR,2026-09-15,68.12,68.87,62.78,63.94,1247398
ACMR,2026-09-16,65.68,66.6,63.41,64.82,701197
ACMR,2026-09-17,67.69,68.5,65.94,67.77,830015
ACMR,2026-09-18,68.72,69.44,67.77,68.51,1593208
ACMR,2026-09-21,71.455,73.4,70.61,72.77,1384397
ACMR,2026-09-22,72,76.075,71.725,75.8,1248911
ACMR,2026-09-23,74.65,82.78,72.4,80.67,2773680
ACMR,2026-09-24,78.1,78.62,74.143,76.18,1537880
ACMR,2026-09-25,77.97,78.459,76.08,77.3,594814
ACMR,2026-09-28,76.19,76.98,73.47,75.95,836567
ACMR,2026-09-29,78.71,78.75,74.825,75.61,692288
ACMR,2026-09-30,76.42,82.465,76.105,80.92,1743754
ACMR,2026-10-01,81.5,85.23,81.25,83.58,1404765
ACMR,2026-10-02,86.09,86.2,82.631,83.38,1232149
NVT,2026-08-10,167,167.105,162.03,162.33,1214728
NVT,2026-08-11,163.97,169.185,163.97,167.16,1414906
NVT,2026-08-12,171.115,174.9,170.115,171.16,2069345
NVT,2026-08-13,171.12,172.905,167.44,170.01,1562169
NVT,2026-08-14,170,173.99,168.28,171.39,1366053
NVT,2026-08-17,174.08,177.38,173.145,177.21,1733821
NVT,2026-08-18,169.6,170.09,163.545,164.63,2062760
NVT,2026-08-19,164.4,169.543,154.51,156.88,2792154
NVT,2026-08-20,155.73,158.32,153.385,154.3,1764298
NVT,2026-08-21,155.5,156.83,151.75,151.98,1507422
NVT,2026-08-24,150.155,155.96,149.57,153.35,2551259
NVT,2026-08-25,157.68,159.1,150.855,151.48,1711992
NVT,2026-08-26,153.23,157.47,151.85,155.23,1902105
NVT,2026-08-27,158.87,162.37,154.42,155.55,1989614
NVT,2026-08-28,155.25,156.455,148.24,148.48,1855829
NVT,2026-08-31,150,152.7,148.505,150.75,11384949
NVT,2026-09-01,149.5,151.41,146.08,147.3,2263256
NVT,2026-09-02,147.18,148.31,143.87,148.17,1819376
NVT,2026-09-03,149,154.3,147.01,152.09,2070520
NVT,2026-09-04,153.5,157.19,152.09,156.03,1610369
NVT,2026-09-08,158.17,163.75,157.91,162.57,2493668
NVT,2026-09-09,161.4,162.43,158.36,158.54,2137289
NVT,2026-09-10,155.93,159.89,154.14,155.17,2081219
NVT,2026-09-11,157.78,163,157.78,162.38,1707448
NVT,2026-09-14,150,150.39,143.89,146.64,3521644
NVT,2026-09-15,151.12,151.12,146.35,146.8,2010890
NVT,2026-09-16,147.79,150.412,146.03,147.65,1741444
NVT,2026-09-17,152.46,153.93,149.39,151.33,1577581
NVT,2026-09-18,152.71,158.7,152.54,157.88,3303031
NVT,2026-09-21,161.01,161.57,157.87,159.44,1748661
NVT,2026-09-22,158.46,163.61,157.7,162.65,1589943
NVT,2026-09-23,160.4,164.31,160.28,162.85,1483562
NVT,2026-09-24,159.5,163.14,157.24,162.88,1465927
NVT,2026-09-25,161.27,164.52,161.16,164.41,1377815
NVT,2026-09-28,163.35,166.185,158.5,160.5,2069427
NVT,2026-09-29,162.84,164.93,159.6,161.68,1596582
NVT,2026-09-30,162.03,162.63,159.11,160.37,1472894
NVT,2026-10-01,160.39,167.73,158.21,165.77,1652305
NVT,2026-10-02,169.59,171.95,167.29,169.56,1615639
ONTO,2026-08-10,316,316,291.045,291.35,1166535
ONTO,2026-08-11,301.25,320.32,295.98,319.79,1173438
ONTO,2026-08-12,333.13,343.58,332.505,337.35,1356674
ONTO,2026-08-13,334.57,342.8,327.225,337.82,934023
ONTO,2026-08-14,337.2,346.9,330.985,331.71,1075001
ONTO,2026-08-17,342.1,353.836,336.87,351.16,1239872
ONTO,2026-08-18,332.4,335.58,310.22,315.42,1362597
ONTO,2026-08-19,317.05,319.46,292.53,299.5,1158513
ONTO,2026-08-20,296,306.62,292.35,298.84,602749
ONTO,2026-08-21,303,303.765,286.485,293.33,804775
ONTO,2026-08-24,284.85,285.25,274.663,282.91,713977
ONTO,2026-08-25,289.76,294.69,283.6,291.62,884427
ONTO,2026-08-26,291.62,294.9,285.525,291.88,691162
ONTO,2026-08-27,301.52,305.735,289.23,292.62,803779
ONTO,2026-08-28,289.51,290.77,270.33,270.79,1083624
ONTO,2026-08-31,276.66,276.66,265.45,267.21,835220
ONTO,2026-09-01,263.69,263.98,253.4,256.37,749930
ONTO,2026-09-02,256.67,259.01,251.055,254.55,766946
ONTO,2026-09-03,249.77,256.27,244.463,252.46,856578
ONTO,2026-09-04,259.01,270,257.705,268.01,721559
ONTO,2026-09-08,271.63,284.235,271.63,281.11,1284058
ONTO,2026-09-09,278.97,288.625,277.537,278.4,625668
ONTO,2026-09-10,270.11,274.46,266.6,268.92,584870
ONTO,2026-09-11,274,282.08,272,281.26,779771
ONTO,2026-09-14,256.41,263.51,249.26,250.13,828957
ONTO,2026-09-15,255,255,240.01,244.16,1716186
ONTO,2026-09-16,252.37,254.98,240.2,243.64,566342
ONTO,2026-09-17,254.26,256.55,249.09,250.03,620885
ONTO,2026-09-18,256.94,266.45,253.303,263.43,2053960
ONTO,2026-09-21,272,277.14,268.27,275.98,811971
ONTO,2026-09-22,273.71,284.76,273.5,283.81,770422
ONTO,2026-09-23,281.73,286,273.06,282.31,640521
ONTO,2026-09-24,276.16,281.04,272.26,279.73,458209
ONTO,2026-09-25,281.935,290,281,287.64,416818
ONTO,2026-09-28,286.93,292.36,279.66,288.74,395748
ONTO,2026-09-29,297,304.78,295.895,304.69,648394
ONTO,2026-09-30,304.88,311,297.9,307.82,750741
ONTO,2026-10-01,315.94,315.94,306.37,314.88,652207
ONTO,2026-10-02,328.89,339.035,325.892,327.77,992186
NVDA,2026-08-10,223.4,224.138,216.77,217.55,115846596
NVDA,2026-08-11,222.17,222.2,216.2,217.5,101273148
NVDA,2026-08-12,221.04,225.1,220.2,224.09,108783636
NVDA,2026-08-13,225.055,227.23,223.71,225.3,98867226
NVDA,2026-08-14,226.765,227.49,224.5,225.16,75680870
NVDA,2026-08-17,225.98,227.92,224.86,225.01,93678685
NVDA,2026-08-18,220.45,221.64,218.69,219.74,103128247
NVDA,2026-08-19,221.67,222.87,216.76,217.56,96797314
NVDA,2026-08-20,218.36,219.86,215.66,216.85,92457037
NVDA,2026-08-21,218.42,218.74,214.5,214.72,98869300
NVDA,2026-08-24,215.53,215.59,207.25,208.48,135187288
NVDA,2026-08-25,211.025,214.73,210.11,213.05,122309019
NVDA,2026-08-26,212.64,213.6,209.23,209.66,179900003
NVDA,2026-08-27,222.86,230.47,220.9,227.98,298909822
NVDA,2026-08-28,227.36,229.26,216.81,217.55,195116417
NVDA,2026-08-31,218.87,221.3,216.21,220.78,124702660
NVDA,2026-09-01,216.75,220.41,215.1,217.44,109756184
NVDA,2026-09-02,218.785,227.95,218.48,224.41,157104683
NVDA,2026-09-03,226.02,230.4,224.75,228.45,134681610
NVDA,2026-09-04,231.09,234.76,229.63,230.36,135352420
NVDA,2026-09-08,233.11,233.71,224.85,225.73,122965555
NVDA,2026-09-09,225.275,226.18,223.46,223.67,82955478
NVDA,2026-09-10,220.525,220.99,217.2,218.36,105768001
NVDA,2026-09-11,221.235,222,218.15,218.29,89060140
NVDA,2026-09-14,211.24,212.77,208.93,210.96,132267244
NVDA,2026-09-15,213.375,213.94,211.16,212.17,88059658
NVDA,2026-09-16,214.14,216.76,212.5,213.9,96563590
NVDA,2026-09-17,218.375,219.905,217.145,219.34,94191263
NVDA,2026-09-18,219.35,222.73,218.03,222.27,190287428
NVDA,2026-09-21,222.935,228.5,221.56,227.38,109806067
NVDA,2026-09-22,226.85,229.98,226.5,228.87,95746745
NVDA,2026-09-23,228.03,228.95,224.02,225.51,89547290
NVDA,2026-09-24,222.08,224.94,221.09,224.58,77469856
NVDA,2026-09-25,225.13,226.94,223.133,225.07,89947712
NVDA,2026-09-28,229.75,233.21,228.04,228.86,142344321
NVDA,2026-09-29,230.97,232.82,227.025,227.21,101270823
NVDA,2026-09-30,229.27,232.37,228.17,228.38,117750779
NVDA,2026-10-01,229.975,232.285,228.16,230.86,97255514
NVDA,2026-10-02,236.055,237.88,233.6,233.95,134200878
MPWR,2026-08-10,1428.22,1430,1379.17,1381.1,493700
MPWR,2026-08-11,1413.775,1431.63,1383.63,1402.11,413747
MPWR,2026-08-12,1451.18,1464.99,1423.1,1425.01,623143
MPWR,2026-08-13,1421.44,1438.38,1358,1362.55,506489
MPWR,2026-08-14,1360,1404.14,1355.11,1402.01,440360
MPWR,2026-08-17,1418.01,1448.76,1411.6,1415.99,542867
MPWR,2026-08-18,1365.445,1376.525,1303.22,1333.18,1144286
MPWR,2026-08-19,1321.12,1335.19,1267.77,1300.14,710871
MPWR,2026-08-20,1311.34,1327,1295.02,1310.6,437133
MPWR,2026-08-21,1321.13,1337.7,1297.3,1316.28,529769
MPWR,2026-08-24,1298.38,1305.64,1255.56,1285.03,897888
MPWR,2026-08-25,1310.055,1322.99,1291.54,1304.15,359622
MPWR,2026-08-26,1301.04,1311.015,1284.56,1303.88,255715
MPWR,2026-08-27,1319.75,1332,1290.855,1311.08,459325
MPWR,2026-08-28,1306.03,1306.03,1254.01,1256.26,709349
MPWR,2026-08-31,1261.9,1279,1253,1267.77,689203
MPWR,2026-09-01,1245.11,1250,1211.864,1225.96,758060
MPWR,2026-09-02,1224.92,1245.23,1211.735,1219.36,405205
MPWR,2026-09-03,1200.7,1225,1189.49,1213.65,413703
MPWR,2026-09-04,1239.13,1239.13,1206.55,1223.86,625898
MPWR,2026-09-08,1230.64,1243.09,1211.22,1218.5,763467
MPWR,2026-09-09,1206.7,1228.82,1198.17,1203.75,508493
MPWR,2026-09-10,1184.85,1205.195,1175.95,1186.08,625369
MPWR,2026-09-11,1200.8,1241.035,1194.474,1234.46,555184
MPWR,2026-09-14,1184.43,1185.885,1141.38,1143.24,984700
MPWR,2026-09-15,1164.97,1171.18,1136.65,1142.46,557090
MPWR,2026-09-16,1157.42,1176.05,1133.83,1147.61,625211
MPWR,2026-09-17,1183.15,1184.15,1146.4,1169.58,950234
MPWR,2026-09-18,1185.52,1221.51,1176.21,1217.8,1427382
MPWR,2026-09-21,1243.25,1283.83,1217.24,1277.68,1030120
MPWR,2026-09-22,1278.08,1387.455,1271.03,1380.62,1535211
MPWR,2026-09-23,1367.08,1371.66,1302.1,1355.47,767407
MPWR,2026-09-24,1317.09,1349.64,1313.09,1335.55,492628
MPWR,2026-09-25,1332.63,1377.14,1329.47,1367.43,536878
MPWR,2026-09-28,1353.13,1359.76,1320.8,1351.2,660021
MPWR,2026-09-29,1372.05,1374.32,1347.85,1355.99,450392
MPWR,2026-09-30,1353.765,1361.44,1324.96,1347.22,465261
MPWR,2026-10-01,1359.98,1368.665,1331,1360.97,492299
MPWR,2026-10-02,1406,1455.99,1393.132,1439.73,689926
TXN,2026-08-10,288.07,288.76,280.16,280.44,4211149
TXN,2026-08-11,284.82,285.89,278.615,281.24,4470063
TXN,2026-08-12,289.59,289.62,276.355,276.59,5904607
TXN,2026-08-13,277.16,279.97,272.78,273.43,5327693
TXN,2026-08-14,273.62,280.275,272.51,279.58,4762640
TXN,2026-08-17,280,286.21,279,282.91,5993737
TXN,2026-08-18,276.08,278.99,268.67,272.24,7931746
TXN,2026-08-19,274.095,277.37,266.39,267.45,6742809
TXN,2026-08-20,267.53,270.5,264.76,265.6,5277632
TXN,2026-08-21,269.79,269.79,261.63,264.36,5514336
TXN,2026-08-24,262.52,263.331,255.18,258.94,6610822
TXN,2026-08-25,262.78,262.78,256.965,260.05,4259346
TXN,2026-08-26,260.5,263.195,259.49,261.77,3796597
TXN,2026-08-27,262.6,267.48,261.1,266.54,5604704
TXN,2026-08-28,265.24,267.43,255.97,258.64,5861229
TXN,2026-08-31,261.25,262.38,259.96,260.91,5760135
TXN,2026-09-01,256.19,257.62,250.425,253.34,7216147
TXN,2026-09-02,253.34,258.035,251.045,254.8,3879937
TXN,2026-09-03,252.075,254.57,248.13,253.83,4301498
TXN,2026-09-04,256.56,261.02,255.495,258.44,4244015
TXN,2026-09-08,260.93,261.9,256.455,258.92,5438147
TXN,2026-09-09,256.345,262.74,256.345,261.59,4254016
TXN,2026-09-10,256.755,261.72,255.82,258.82,5840812
TXN,2026-09-11,263.23,273.33,261.44,268.7,5257487
TXN,2026-09-14,256.78,266.1,256.78,263.42,6861901
TXN,2026-09-15,265.11,267.7,262.26,263.43,4412265
TXN,2026-09-16,267.25,267.97,258.14,260.67,3648151
TXN,2026-09-17,265.04,266.82,257.095,258.14,6521138
TXN,2026-09-18,260.815,268.28,259.83,266.64,19060388
TXN,2026-09-21,267.67,271.775,262.22,270.87,7907889
TXN,2026-09-22,268.84,271.635,267.43,271.41,8299658
TXN,2026-09-23,271.49,272.9,266.59,272.62,5557989
TXN,2026-09-24,270,272.21,266.79,270.65,3339619
TXN,2026-09-25,270.61,278.689,269.53,278.07,3928347
TXN,2026-09-28,277.595,279.33,273.9,278.31,4904763
TXN,2026-09-29,283.07,284.39,280.23,281.69,4963078
TXN,2026-09-30,281.17,283.5,279.22,280.09,3861883
TXN,2026-10-01,281.54,283.67,278.093,281.31,3640200
TXN,2026-10-02,290,297.064,288.204,293.8,4920021
DAL,2026-08-10,90.34,90.51,88.94,89.21,3754461
DAL,2026-08-11,89.99,90.905,88.93,90.41,2846773
DAL,2026-08-12,90.76,91.25,88.5,89.93,3153604
DAL,2026-08-13,91.45,92.21,90.83,91.31,3550858
DAL,2026-08-14,91.04,91.355,89.06,89.35,4410918
DAL,2026-08-17,89,89.169,87.52,87.59,3777229
DAL,2026-08-18,87,87.23,85.67,85.7,4461943
DAL,2026-08-19,86.72,86.72,83.06,83.29,5472276
DAL,2026-08-20,82.1,82.2,80.67,81.06,6153988
DAL,2026-08-21,82.22,83.065,82.05,82.41,5065969
DAL,2026-08-24,83.3,84.32,82.145,82.48,4075587
DAL,2026-08-25,84.43,84.43,82.13,83.62,5665295
DAL,2026-08-26,84.55,84.99,83.01,83.08,5705593
DAL,2026-08-27,82.51,83.01,80.95,81.14,4679218
DAL,2026-08-28,81.85,82.305,79.89,80.07,3783784
DAL,2026-08-31,79.24,79.25,77.77,78,6000432
DAL,2026-09-01,77.51,78.19,75.99,76.38,6465961
DAL,2026-09-02,77.5,79.15,77,78.14,4868850
DAL,2026-09-03,78.63,78.81,77.6,78.75,4395857
DAL,2026-09-04,78.88,80.4,78.81,80.17,4950189
DAL,2026-09-08,79.21,80.06,78.53,78.96,5159787
DAL,2026-09-09,77.5,79.38,77.31,78.75,4498244
DAL,2026-09-10,77.2,79.3,77.15,78.24,5711570
DAL,2026-09-11,79.4,80.229,79.09,79.91,4705498
DAL,2026-09-14,77.56,80.365,77.56,79.8,5233774
DAL,2026-09-15,80.05,80.08,77.99,78.89,5925844
DAL,2026-09-16,79.66,80.355,76.89,77.87,6970260
DAL,2026-09-17,79.61,79.88,78.94,79.43,6049561
DAL,2026-09-18,79.42,80.33,78.942,79.62,23170879
DAL,2026-09-21,81,82.77,79.85,82.5,8470107
DAL,2026-09-22,84.88,84.88,82.46,83.92,8227884
DAL,2026-09-23,82.7,83.13,81.569,81.75,6603906
DAL,2026-09-24,81,83.59,80.71,82.76,6073296
DAL,2026-09-25,84,85.47,82.333,84.94,6952474
DAL,2026-09-28,83.35,84.56,82,84.03,7516779
DAL,2026-09-29,85.01,85.32,83.56,84.87,5466378
DAL,2026-09-30,84.85,85.14,83.13,83.46,6466860
DAL,2026-10-01,83.77,84.23,82.55,84.13,6264250
DAL,2026-10-02,85.76,86.17,83.34,84.09,8129254
